"Qty";"Value";"Device";"Package";"Parts";"Description";"CATEGORY";"CREATED_BY";"DESCRIPTION";"DIGIKEY_PN";"FORWARD_CURRENT";"IC_MAX";"MANUFACTURER";"MAXIMUM_PACKAGE_HEIGHT";"MPN";"OPERATING_TEMP";"OPERATING_TEMPERATURE";"PARTREV";"PART_STATUS";"RATING";"REVERSE_VOLTAGE";"ROHS_COMPLIANCE";"ROHS_COMPLIANT";"SERIES";"STANDARD";"SUB-CATEGORY";"THERMALLOSS";"TOLERANCE";"TYPE";"VALUE";"VCEO_MAX";"VOLTAGE_RATING";
"1";"0.1µ";"C_CHIP-0603(1608-METRIC)";"CAPC1608X85";"C12";"Capacitor - Generic";"Capacitor";"";"";"";"";"";"";"";"";"";"";"";"";"";"";"";"";"";"";"";"";"";"";"";"";"";
"1";"0.1μ";"C_CHIP-0603(1608-METRIC)";"CAPC1608X85";"C11";"Capacitor - Generic";"Capacitor";"";"";"";"";"";"";"";"";"";"";"";"";"";"";"";"";"";"";"";"";"";"";"";"";"";
"1";"100";"R_CHIP-0603(1608-METRIC)";"RESC1608X60";"R22";"Resistor Fixed - Generic";"Resistor";"";"";"";"";"";"";"";"";"";"";"";"";"";"";"";"";"";"";"Fixed";"";"";"";"";"";"";
"1";"100K";"PV36W";"PV36W";"POT20";"Rectangular Trimmer Potentiometers - PV36 Series";"Resistor";"";"Lead Sealed Type Multiturn PV36 Series";"";"";"";"BOURNS";"";"PV36W";"";" -55 to +125 °C";"";"Active";"";"";"RoHS Compliant";"";"PV36";"";"Trimpot";"";"";"Lead Sealed";"";"";"";
"2";"100K";"R_CHIP-0603(1608-METRIC)";"RESC1608X60";"R24, R25";"Resistor Fixed - Generic";"Resistor";"";"";"";"";"";"";"";"";"";"";"";"";"";"";"";"";"";"";"Fixed";"";"";"";"";"";"";
"3";"100p";"C_CHIP-0603(1608-METRIC)";"CAPC1608X85";"C6, C21, C22";"Capacitor - Generic";"Capacitor";"";"";"";"";"";"";"";"";"";"";"";"";"";"";"";"";"";"";"";"";"";"";"";"";"";
"1";"10D471K";"VARISTOR";"MOV-10D561";"V30";"";"";"";"";"";"";"";"";"";"";"";"";"";"";"";"";"";"";"";"";"";"";"";"";"";"";"";
"9";"10k";"R_CHIP-0603(1608-METRIC)";"RESC1608X60";"R1, R2, R11, R21, R23, R26, R27, R28, R29";"Resistor Fixed - Generic";"Resistor";"";"";"";"";"";"";"";"";"";"";"";"";"";"";"";"";"";"";"Fixed";"";"";"";"";"";"";
"1";"1N4448W";"DIODE_1N4148W-7-F_SOD123G";"SOD3715X135";"D10";"Diode Rectifier - Popular parts";"Diode";"";"DIODE GEN PURP 100V 300MA SOD123 ";"";"";"";"Diodes Incorporated";"";"";"";"";"";"";"";"";"";"";"";"";"Rectifier";"";"";"";"1N4148W";"";"";
"1";"1n";"C_CHIP-0603(1608-METRIC)";"CAPC1608X85";"C10";"Capacitor - Generic";"Capacitor";"";"";"";"";"";"";"";"";"";"";"";"";"";"";"";"";"";"";"";"";"";"";"";"";"";
"2";"1µ";"C_CHIP-0603(1608-METRIC)";"CAPC1608X85";"C20, C23";"Capacitor - Generic";"Capacitor";"";"";"";"";"";"";"";"";"";"";"";"";"";"";"";"";"";"";"";"";"";"";"";"";"";
"1";"2k";"R_CHIP-0603(1608-METRIC)";"RESC1608X60";"R10";"Resistor Fixed - Generic";"Resistor";"";"";"";"";"";"";"";"";"";"";"";"";"";"";"";"";"";"";"Fixed";"";"";"";"";"";"";
"1";"4527";"4527";"4527";"F30";"FUSE HLDR CARTRIDGE 250V 5A PCB";"";"PCBLayout.com";"";"36-4527-ND";"";"";"Keystone Electronics";"";"4527";"";"";"";"";"";"";"";"";"";"";"";"";"";"";"";"";"";
"1";"820K";"R_CHIP-1206(3216-METRIC)";"RESC3216X70";"R20";"Resistor Fixed - Generic";"Resistor";"";"";"";"";"";"";"";"";"";"";"";"";"";"";"";"";"";"";"Fixed";"";"";"";"";"";"";
"1";"ACS712ELCTR-05B-T";"ACS712ELCTR-05B-T";"SOIC127P600X175-8N@1";"IC10";"";"";"";"";"";"";"";"";"";"";"";"";"";"";"";"";"";"";"";"";"";"";"";"";"";"";"";
"1";"DIODE";"DIODEDO-214AC(SMA)";"DIOM5226X290N";"D3";"Diode Rectifier - Generic";"Diode";"";"";"";"";"";"";"";"";"";"";"";"";"";"";"";"";"";"";"Rectifier";"";"";"";"DIODE";"";"";
"1";"HI-LINKVERTICAL";"HI-LINKVERTICAL";"AC-DC_3.5W(VER)";"PS1";"HI-LINK HLK-10M05";"";"";"";"";"";"";"";"";"";"";"";"";"";"";"";"";"";"";"";"";"";"";"";"";"";"";
"1";"LM358_SOIC";"LM358_SOIC";"SOIC127P600X175-8N";"IC20";"Dual Operational Amplifier";"Amplifier";"";"Dual Operational Amplifier ";"";"";"";"Generic";"";"Generic";"";"";"";"";"";"";"";"";"LM358";"";"OpAmp";"";"";"Dual";"";"";"";
"1";"NEMA-7P";"NEMA-7P";"NEMA-7P";"NEMA-7PIN";"";"";"";"";"";"";"";"";"";"";"";"";"";"";"";"";"";"";"";"";"";"";"";"";"";"";"";
"1";"PINHD-2X5";"PINHD-2X5";"2X05";"JP2";"PIN HEADER";"CONNECTOR";"";"";"";"";"";"";"";"";"";"";"";"";"";"";"";"";"";"";"PIN-HEADER";"";"";"";"";"";"";
"1";"PNP";"PNP_SOT23-BEC";"SOT95P237X112-3N";"Q1";"PNP - Generic";"Transistor";"";"";"";"";"";"";"";"";"";"";"";"";"";"";"";"";"";"";"BJT";"";"";"PNP";"PNP";"";"";
"1";"SSR";"SSR";"SSR_G3MB-202P";"K1";"Relay 12vdc Isolation Photot";"";"";"";"";"";"";"Omron";"";"";"";"";"N/A";"";"";"";"";"";"";"Manufacturer Recommendation";"";"";"";"";"";"";"";
"1";"ZMPT101B";"ZMPT101B";"ZMPT101B";"T20";"Current-type Voltage Transformer";"";"";"";"";"";"";"Qingxian Zeming Langxi Electronic";"18.8mm";"";"";"";"NA";"";"";"";"";"";"";"Manufacturer Recommendations";"";"";"";"";"";"";"";
